ID,Apellido,Nombre,DNI
10001,Gudiño,Jorge,12345678
10001,Gudiño,Jorge,12345678
10001,Gudiño,Jorge,12345678
10001,Gudiño,Jorge,12345678
10001,Gudiño,Jorge,12345678
10001,Gudiño,Jorge,12345678
10001,Gudiño,Jorge,12345678
10001,Gudiño,Jorge,12345678
10001,Gudiño,Jorge,12345678
429815,Gudiño,Jorge,12345678
979260,Gudiño,Jorge,12345678
232284,Gudiño,Jorge,12345678
541919,Gudiño,Jorge,12345678
302311,Gudiño,Jorge,12345678
871385,Gudiño,Jorge,12345678
646226,Gudiño,Jorge,12345678
735883,Gudiño,Jorge,12345678
